mode,recall@1,recall@5,recall@10,mrr,ndcg@10,hit_rate@10,zero_recall_queries
bm25,0.04646464646464647,0.15757575757575756,0.2363636363636364,0.3157046657046657,0.21627973514151635,0.5252525252525253,47
dense,0.19595959595959597,0.8686868686868687,0.9737373737373738,0.9848484848484849,0.9601764161857127,0.98989898989899,1
hybrid,0.18181818181818182,0.7393939393939394,0.8949494949494949,0.9317340067340066,0.872804226205626,0.9797979797979798,2
hybrid_rerank,0.12121212121212122,0.501010101010101,0.8949494949494949,0.7541245791245791,0.736948923444344,0.9797979797979798,2
