mode,recall@1,recall@5,recall@10,mrr,ndcg@10,hit_rate@10,zero_recall_queries
bm25,0.05903196959534988,0.16093226022803486,0.2435949027498323,0.38035993740219093,0.2147607674712776,0.6619718309859155,24
dense,0.07561479991057456,0.2138553543483121,0.30580706460988155,0.47818578135479545,0.30812580420748875,0.6197183098591549,27
hybrid,0.09382405544377376,0.2597417840375587,0.4000670690811536,0.5198692152917505,0.3665754428585216,0.704225352112676,21
hybrid_rerank,0.11013860943438408,0.28274647887323945,0.4000670690811536,0.5378101945003354,0.384063694506551,0.704225352112676,21
