mode,Recall@1,Recall@5,Recall@10,MRR,NDCG@10,HitRate@10,Failures
dense_only,0.06599999999999999,0.257,0.4139999999999999,0.7808333333333334,0.5199471616312153,0.98,2
bm25_only,0.023000000000000003,0.08800000000000001,0.131,0.3343730158730159,0.1742582305920607,0.53,47
hybrid,0.046,0.146,0.23300000000000004,0.5303134920634921,0.31020864381520125,0.74,26
hybrid_plus_rerank,0.004,0.038000000000000006,0.09299999999999999,0.1554722222222222,0.0740563609267037,0.52,48
