mode,recall@1,recall@5,recall@10,recall@20,recall@50,mrr,ndcg@10,hit_rate@10,hit_rate@20,any_match,zero_recall@10,zero_recall@20
bm25,0.0696969696969697,0.25555555555555554,0.3333333333333333,0.4161616161616162,0.4565656565656566,0.7697849008455069,0.4194235027136424,0.8888888888888888,0.9292929292929293,0.9292929292929293,11,7
dense,0.09494949494949495,0.4353535353535354,0.6636363636363637,0.7484848484848484,0.9121212121212121,0.9586894586894587,0.7420785958055972,0.9797979797979798,0.98989898989899,0.98989898989899,2,1
hybrid,0.098989898989899,0.4727272727272727,0.795959595959596,0.9484848484848486,0.9909090909090909,0.9949494949494949,0.8529038053124675,1.0,1.0,1.0,0,0
hybrid_rerank,0.07676767676767678,0.31212121212121213,0.5050505050505051,0.7222222222222222,0.9909090909090909,0.8644781144781144,0.5647488650197036,1.0,1.0,1.0,0,0
