mode,recall@1,recall@5,recall@10,mrr,ndcg@10,hit_rate@10,zero_recall_queries
bm25,0.058585858585858595,0.197979797979798,0.2868686868686869,0.4059964726631394,0.2694955921935249,0.6565656565656566,34
dense,0.19595959595959597,0.8686868686868687,0.9737373737373738,0.9848484848484849,0.9601764161857127,0.98989898989899,1
hybrid,0.17777777777777778,0.7393939393939394,0.8949494949494949,0.9182659932659932,0.8684793482597654,0.9797979797979798,2
hybrid_rerank,0.12121212121212122,0.501010101010101,0.8949494949494949,0.7541245791245791,0.7366986792325543,0.9797979797979798,2
